Workbook

Sheet Dashboard
A1: 📊 PROCURE-TO-PAY (P2P) TRACKER — DASHBOARD
A2: Harsh Kumar | Process Associate | Last Updated: 22-Apr-2026
A4: KEY PERFORMANCE INDICATORS
A5: TOTAL POs RAISED | D5: TOTAL PO VALUE (₹) | G5: TOTAL INVOICED (₹) | J5: TOTAL PAID (₹)
A6: 12 | D6: =SUM('PO Tracker'!I3:I14) -> 1351000 | G6: =SUM('Invoice Tracker'!E3:E14) -> 1351000 | J6: =SUMIF('Invoice Tracker'!F3:F14,"Paid",'Invoice Tracker'!E3:E14) -> 840000
A9: INVOICES PENDING | D9: INVOICES APPROVED | G9: ON HOLD | J9: AMOUNT PENDING (₹)
A10: =COUNTIF('Invoice Tracker'!F3:F14,"Pending") -> 3 | D10: =COUNTIF('Invoice Tracker'!F3:F14,"Approved") -> 3 | G10: =COUNTIF('Invoice Tracker'!F3:F14,"On Hold") -> 1 | J10: =SUMIF('Invoice Tracker'!F3:F14,"Pending",'Invoice Tracker'!E3:E14) -> 273000
A13: INVOICE AGING SUMMARY | H13: PO STATUS SUMMARY
A14: Aging Bucket | B14: Invoice Count | C14: Total Amount (₹) | D14: % of Total | H14: Status | I14: Count | J14: Value (₹)
A15: 0-30 Days | B15: =COUNTIF('Invoice Tracker'!J3:J14,"0-30 Days") -> 4 | C15: =SUMIF('Invoice Tracker'!J3:J14,"0-30 Days",'Invoice Tracker'!E3:E14) -> 260000 | D15: =C15/SUM($C$15:$C$18) -> 0.19245004 | H15: Open | I15: =COUNTIF('PO Tracker'!J3:J14,"Open") -> 7 | J15: =SUMIF('PO Tracker'!J3:J14,"Open",'PO Tracker'!I3:I14) -> 511000
A16: 31-60 Days | B16: =COUNTIF('Invoice Tracker'!J3:J14,"31-60 Days") -> 1 | C16: =SUMIF('Invoice Tracker'!J3:J14,"31-60 Days",'Invoice Tracker'!E3:E14) -> 580000 | D16: =C16/SUM($C$15:$C$18) -> 0.42931162 | H16: Closed | I16: =COUNTIF('PO Tracker'!J3:J14,"Closed") -> 5 | J16: =SUMIF('PO Tracker'!J3:J14,"Closed",'PO Tracker'!I3:I14) -> 840000
A17: 61-90 Days | B17: =COUNTIF('Invoice Tracker'!J3:J14,"61-90 Days") -> 0 | C17: =SUMIF('Invoice Tracker'!J3:J14,"61-90 Days",'Invoice Tracker'!E3:E14) -> 0 | D17: =C17/SUM($C$15:$C$18) -> 0 | H17: TOTAL | I17: =SUM(I15:I16) -> 12 | J17: =SUM(J15:J16) -> 1351000
A18: 90+ Days | B18: =COUNTIF('Invoice Tracker'!J3:J14,"90+ Days") -> 7 | C18: =SUMIF('Invoice Tracker'!J3:J14,"90+ Days",'Invoice Tracker'!E3:E14) -> 511000 | D18: =C18/SUM($C$15:$C$18) -> 0.37823834
A19: TOTAL | B19: =SUM(B15:B18) -> 12 | C19: =SUM(C15:C18) -> 1351000 | D19: =SUM(D15:D18) -> 1
A22: 📌 HOW TO USE: Enter new POs in 'PO Tracker' sheet | Enter invoices in 'Invoice Tracker' | This dashboard auto-updates

Sheet Vendor Master
A1: 🏢 VENDOR MASTER LIST
A2: Vendor ID | B2: Vendor Name | C2: Category | D2: Contact Person | E2: Email | F2: Payment Terms
A3: V001 | B3: Infra Supplies Pvt Ltd | C3: Raw Material | D3: Ramesh Gupta | E3: ramesh@infrasup.com | F3: Net 30
A4: V002 | B4: TechParts India Ltd | C4: IT Equipment | D4: Priya Sharma | E4: priya@techparts.in | F4: Net 45
A5: V003 | B5: Office Hub Solutions | C5: Office Supply | D5: Anil Kumar | E5: anil@officehub.com | F5: Net 15
A6: V004 | B6: Logistics Pro Services | C6: Logistics | D6: Sunita Mehra | E6: sunita@logpro.com | F6: Net 30
A7: V005 | B7: Digi Print Works | C7: Printing | D7: Mohit Singh | E7: mohit@digiprint.in | F7: Net 15
A8: V006 | B8: Steel & Iron Traders | C8: Raw Material | D8: Kavita Rao | E8: kavita@steeliran.com | F8: Net 60
A9: V007 | B9: CloudTech Systems | C9: IT Equipment | D9: Rajiv Nair | E9: rajiv@cloudtech.in | F9: Net 45
A10: V008 | B10: Prime Stationery Co | C10: Office Supply | D10: Deepa Joshi | E10: deepa@primestat.com | F10: Net 15

Sheet PO Tracker
A1: 📋 PURCHASE ORDER TRACKER
A2: PO Number | B2: PO Date | C2: Vendor ID | D2: Vendor Name | E2: Department | F2: Item Description | G2: Quantity | H2: Unit Price (₹) | I2: PO Amount (₹) | J2: PO Status
A3: PO-2025-001 | B3: 45935 | C3: V001 | D3: Infra Supplies Pvt Ltd | E3: Operations | F3: Industrial Pipes | G3: 50 | H3: 2800 | I3: =G3*H3 -> 140000 | J3: Closed
A4: PO-2025-002 | B4: 45942 | C4: V002 | D4: TechParts India Ltd | E4: IT | F4: Laptops (Dell i5) | G4: 10 | H4: 58000 | I4: =G4*H4 -> 580000 | J4: Closed
A5: PO-2025-003 | B5: 45948 | C5: V003 | D5: Office Hub Solutions | E5: Admin | F5: Office Stationery Pack | G5: 100 | H5: 350 | I5: =G5*H5 -> 35000 | J5: Closed
A6: PO-2025-004 | B6: 45963 | C6: V004 | D6: Logistics Pro Services | E6: Supply Chain | F6: Freight Charges - Oct | G6: 1 | H6: 45000 | I6: =G6*H6 -> 45000 | J6: Closed
A7: PO-2025-005 | B7: 45976 | C7: V005 | D7: Digi Print Works | E7: Marketing | F7: Brochure Printing 500pc | G7: 5 | H7: 8000 | I7: =G7*H7 -> 40000 | J7: Closed
A8: PO-2025-006 | B8: 45981 | C8: V006 | D8: Steel & Iron Traders | E8: Operations | F8: MS Steel Rods 10mm | G8: 80 | H8: 1500 | I8: =G8*H8 -> 120000 | J8: Open
A9: PO-2025-007 | B9: 45992 | C9: V007 | D9: CloudTech Systems | E9: IT | F9: Cloud Storage License | G9: 3 | H9: 25000 | I9: =G9*H9 -> 75000 | J9: Open
A10: PO-2025-008 | B10: 46001 | C10: V003 | D10: Office Hub Solutions | E10: Admin | F10: Printer Cartridges | G10: 20 | H10: 1200 | I10: =G10*H10 -> 24000 | J10: Open
A11: PO-2025-009 | B11: 46006 | C11: V002 | D11: TechParts India Ltd | E11: IT | F11: Network Switches | G11: 5 | H11: 18000 | I11: =G11*H11 -> 90000 | J11: Open
A12: PO-2025-010 | B12: 46027 | C12: V008 | D12: Prime Stationery Co | E12: Admin | F12: A4 Paper Reams | G12: 200 | H12: 280 | I12: =G12*H12 -> 56000 | J12: Open
A13: PO-2025-011 | B13: 46034 | C13: V001 | D13: Infra Supplies Pvt Ltd | E13: Operations | F13: PVC Pipes 2 inch | G13: 60 | H13: 1800 | I13: =G13*H13 -> 108000 | J13: Open
A14: PO-2025-012 | B14: 46042 | C14: V004 | D14: Logistics Pro Services | E14: Supply Chain | F14: Freight Charges - Jan | G14: 1 | H14: 38000 | I14: =G14*H14 -> 38000 | J14: Open

Sheet Invoice Tracker
A1: 🧾 INVOICE TRACKER
A2: Invoice No | B2: Invoice Date | C2: PO Number | D2: Vendor Name | E2: Invoice Amt (₹) | F2: Invoice Status | G2: Due Date | H2: Payment Date | I2: Days Outstanding | J2: Aging Bucket | K2: Remarks | L2: Processed By
A3: INV-001 | B3: 45940 | C3: PO-2025-001 | D3: Infra Supplies Pvt Ltd | E3: 140000 | F3: Paid | G3: 45970 | H3: 45968 | I3: =IF(F3="Paid", H3-B3, TODAY()-B3) -> 28 | J3: =IF(I3<=30,"0-30 Days",IF(I3<=60,"31-60 Days",IF(I3<=90,"61-90 Days","90+ Days"))) -> 0-30 Days | K3: On time | L3: Harsh Kumar
A4: INV-002 | B4: 45945 | C4: PO-2025-002 | D4: TechParts India Ltd | E4: 580000 | F4: Paid | G4: 45990 | H4: 45986 | I4: =IF(F4="Paid", H4-B4, TODAY()-B4) -> 41 | J4: =IF(I4<=30,"0-30 Days",IF(I4<=60,"31-60 Days",IF(I4<=90,"61-90 Days","90+ Days"))) -> 31-60 Days | K4: On time | L4: Harsh Kumar
A5: INV-003 | B5: 45950 | C5: PO-2025-003 | D5: Office Hub Solutions | E5: 35000 | F5: Paid | G5: 45965 | H5: 45964 | I5: =IF(F5="Paid", H5-B5, TODAY()-B5) -> 14 | J5: =IF(I5<=30,"0-30 Days",IF(I5<=60,"31-60 Days",IF(I5<=90,"61-90 Days","90+ Days"))) -> 0-30 Days | K5: On time | L5: Harsh Kumar
A6: INV-004 | B6: 45966 | C6: PO-2025-004 | D6: Logistics Pro Services | E6: 45000 | F6: Paid | G6: 45996 | H6: 45994 | I6: =IF(F6="Paid", H6-B6, TODAY()-B6) -> 28 | J6: =IF(I6<=30,"0-30 Days",IF(I6<=60,"31-60 Days",IF(I6<=90,"61-90 Days","90+ Days"))) -> 0-30 Days | K6: On time | L6: Harsh Kumar
A7: INV-005 | B7: 45979 | C7: PO-2025-005 | D7: Digi Print Works | E7: 40000 | F7: Paid | G7: 45994 | H7: 46001 | I7: =IF(F7="Paid", H7-B7, TODAY()-B7) -> 22 | J7: =IF(I7<=30,"0-30 Days",IF(I7<=60,"31-60 Days",IF(I7<=90,"61-90 Days","90+ Days"))) -> 0-30 Days | K7: Delayed 7 days | L7: Harsh Kumar
A8: INV-006 | B8: 45986 | C8: PO-2025-006 | D8: Steel & Iron Traders | E8: 120000 | F8: Approved | G8: 46046 | H8: — | I8: =IF(F8="Paid", H8-B8, TODAY()-B8) -> 151 | J8: =IF(I8<=30,"0-30 Days",IF(I8<=60,"31-60 Days",IF(I8<=90,"61-90 Days","90+ Days"))) -> 90+ Days | K8: Awaiting payment | L8: Harsh Kumar
A9: INV-007 | B9: 45996 | C9: PO-2025-007 | D9: CloudTech Systems | E9: 75000 | F9: Pending | G9: 46041 | H9: — | I9: =IF(F9="Paid", H9-B9, TODAY()-B9) -> 141 | J9: =IF(I9<=30,"0-30 Days",IF(I9<=60,"31-60 Days",IF(I9<=90,"61-90 Days","90+ Days"))) -> 90+ Days | K9: Under review | L9: Harsh Kumar
A10: INV-008 | B10: 46003 | C10: PO-2025-008 | D10: Office Hub Solutions | E10: 24000 | F10: Approved | G10: 46018 | H10: — | I10: =IF(F10="Paid", H10-B10, TODAY()-B10) -> 134 | J10: =IF(I10<=30,"0-30 Days",IF(I10<=60,"31-60 Days",IF(I10<=90,"61-90 Days","90+ Days"))) -> 90+ Days | K10: Overdue | L10: Harsh Kumar
A11: INV-009 | B11: 46009 | C11: PO-2025-009 | D11: TechParts India Ltd | E11: 90000 | F11: Pending | G11: 46054 | H11: — | I11: =IF(F11="Paid", H11-B11, TODAY()-B11) -> 128 | J11: =IF(I11<=30,"0-30 Days",IF(I11<=60,"31-60 Days",IF(I11<=90,"61-90 Days","90+ Days"))) -> 90+ Days | K11: Under review | L11: Harsh Kumar
A12: INV-010 | B12: 46030 | C12: PO-2025-010 | D12: Prime Stationery Co | E12: 56000 | F12: Approved | G12: 46045 | H12: — | I12: =IF(F12="Paid", H12-B12, TODAY()-B12) -> 107 | J12: =IF(I12<=30,"0-30 Days",IF(I12<=60,"31-60 Days",IF(I12<=90,"61-90 Days","90+ Days"))) -> 90+ Days | K12: Overdue | L12: Harsh Kumar
A13: INV-011 | B13: 46037 | C13: PO-2025-011 | D13: Infra Supplies Pvt Ltd | E13: 108000 | F13: Pending | G13: 46067 | H13: — | I13: =IF(F13="Paid", H13-B13, TODAY()-B13) -> 100 | J13: =IF(I13<=30,"0-30 Days",IF(I13<=60,"31-60 Days",IF(I13<=90,"61-90 Days","90+ Days"))) -> 90+ Days | K13: Awaiting approval | L13: Harsh Kumar
A14: INV-012 | B14: 46044 | C14: PO-2025-012 | D14: Logistics Pro Services | E14: 38000 | F14: On Hold | G14: 46074 | H14: — | I14: =IF(F14="Paid", H14-B14, TODAY()-B14) -> 93 | J14: =IF(I14<=30,"0-30 Days",IF(I14<=60,"31-60 Days",IF(I14<=90,"61-90 Days","90+ Days"))) -> 90+ Days | K14: Dispute - short payment | L14: Harsh Kumar
